population,no,yes,absolute_diff,percent_change
b_cell,9.996319710875161,9.797552613770158,-0.199,-1.99
cd4_t_cell,29.90226177625406,30.53780834185009,0.636,2.13
cd8_t_cell,24.943924357525862,24.88193159509671,-0.062,-0.25
monocyte,20.084327940698326,19.941763178422633,-0.143,-0.71
nk_cell,15.07316621464659,14.840944270860408,-0.232,-1.54
