population,welch_p_value,mw_p_value,significant_mw
b_cell,0.1712126168905498,0.055702309738266224,False
cd4_t_cell,0.00501266596905098,0.013344218813937617,True
cd8_t_cell,0.7684679826701553,0.6390858847346418,False
monocyte,0.4658442984158955,0.16315013268752876,False
nk_cell,0.1926486922826407,0.12105079820428571,False
